{"spending_trends": {"labels": ["2016-01", "2016-02", "2016-03", "2016-04", "2016-05", "2016-06", "2016-07", "2016-08", "2016-09", "2016-10", "2018-06", "2018-07", "2018-08", "2018-09", "2018-10"], "expenses": [99012.32, 47957.8, 97674.42, 102320.98, 129945.92, 88412.52, 107075.12, 116192.48, 135691.98, 16096.76, 74632.28, 139815.96, 42722.6, 86269.96, 42018.0], "budget": [106067.12800000001, 106067.12800000001, 106067.12800000001, 106067.12800000001, 106067.12800000001, 106067.12800000001, 106067.12800000001, 106067.12800000001, 106067.12800000001, 106067.12800000001, 106067.12800000001, 106067.12800000001, 106067.12800000001, 106067.12800000001, 106067.12800000001]}, "expense_breakdown": {"categories": ["Expense (Debt Payment)", "Expense (Fees)", "Expense (Other)", "Expense (Shopping)", "Expense (Transportation)", "Expense (Utilities)"], "percentages": [17.873134077883204, 7.542393341695836e-05, 79.91781204823421, 2.1129260707426716, 0.015575042250601901, 0.08047733695589457]}, "account_overview": {"total_balance": 13847.569999999832, "monthly_income": 58216.0, "monthly_expense": 42018.0, "balance_percentage": -163.26216879755128, "income_percentage": -9.575497532027414, "expense_percentage": -51.29474964402441}}